,text,n_tokens
0,"GridView - showSortableUseFilter    정렬 아이콘(showSortableImage=""true"")과 필터링 아이콘(useFilter=""true"")을 모두 헤더에 표시.     GridView    showSortableUseFilter_GridView",59
1,GridView - mergeFocusedCell() & mergeSplitFocusedCell()    포커스된 셀들을 병합하거나 해제하기.    GridView    mergeFocusedCell_mergeSplitFocusedCell_GridView,47
2,GridView - mergeCells & mergeByCol()    열 기준으로 동일한 값을 갖는 셀들을 병합.     GridView    mergeCells_mergeByCol_GridView,44
3,GridView - mergeCells & mergeByRow()    행 기준으로 동일한 값을 갖는 셀들을 병합.    GridView    mergeCells_mergeByRow_GridView,44
4,"GridView - mergeCells & mergeByColRec()    열 기준으로 동일한 값을 갖는 셀들을 병합한 후, 행 기준으로 동일한 값을 갖는 셀들을 다시 병합.     GridView    mergeCells_mergeByColRec_GridView",74
5,"GridView - mergeCells & mergeByRowRec()    행 기준으로 동일한 값을 갖는 셀들을 병합한 후, 열 기준으로 동일한 값을 갖는 셀들을 다시 병합.     GridView    mergeCells_mergeByRowRec_GridView",74
6,"GridView - mergeCells & mergeByRestricCol()    왼쪽 열이 병합된 경우, 왼쪽 열을 기준으로 컬럼의 셀들을 병합.     GridView    mergeCells_mergeByRestricCol_GridView",66
7,"GridView - mergeCells & mergeByRestricRow()    윗행이 병합된 경우, 아래 열의 셀들을 윗행을 기준으로 병합.    GridView    mergeCells_mergeByRestricRow_GridView",60
8,GridView - merge    GridView의 6가지 셀 병합 방식 소개    GridView    merge_GridView,28
9,GridView - mergeClear()    셀 병합 해제.     GridView    mergeClear_GridView,23
10,"GridView - mergeByFree() & unmergeByFree()    특정 영역을 지정한 후, 해당 영역에 포함된 셀을 병합하거나 병합을 해제.    GridView    mergeByFree_unmergeByFree_GridView",67
11,"gridView.column - inputType=""select"" & viewType    inputType=""spinner"" 컬럼의 셀에 화살표 아이콘을 표시.    GridView    inputType_spinner_viewType_gridView_column",53
12,GridView - advancedExcelUpload() & options.removeColumns    Excel 파일을 GridView로 업로드할 때 Excel 특정 컬럼을 제외하고 업로드.    GridView    advancedExcelUpload_removeColumns_GridView,52
13,GridView - fixedColumn & fixedRightColumn    좌우 스크롤링 시 고정할 좌측 및 우측 열의 개수를 지정.     GridView    fixedColumn_fixedRightColumn_GridView,56
14,WFrame - scope (2)    scope 속성 설명 (2)    WFrame    scope_WFrame_2,26
15,"config.xml - strictMode    최상단 메인 페이지를 WFrame으로 감싼 후, 메인 화면과 메인 화면에 포함된 WFrame 간의 객체 참조를 허용.     _config_xml    strictMode_config_xml",62
16,WFrame - scope (1)    scope 속성 설명 (1)    WFrame    scope_WFrame_1,26
17,"Studio - Page Template    공통적으로 사용되는 디자인을 미리 작성하여, 페이지 생성 시 썸네일 이미지 형태로 제공.
    Studio    page_template_Studio",52
18,$p - watermark()    화면 바탕에 워터마크를 출력.     $p    watermark_$p,28
19,AliasDataList - id & scope    WFrame 내부의 GridView와 부모 화면의 DataList를 바인딩.     DataCollection    id_scope_aliasDataList,39
20,"AutoComplete & SelectBox - wheelStop & preventWheelEvent    선택 목록에서만 스크롤링을 허용하거나, 혹은 브라우저 전체에서 스크롤링을 허용할지를 결정.      AutoComplete
SelectBox    wheelStop_preventWheelEvent_AutoComplete_SelectBox",86
21,Calendar - disableBeforeToday & disableAfterToday    현재 날짜 이전 혹은 이후의 날짜 선택을 방지.     Calendar    disableBeforeToday_disableAfterToday_Calendar,45
22,MapChart - dataMapPath & changeMapPath()    선택된 데이터를 사용하여 시각화된 지도 데이터를 생성.    MapChart    dataMapPath_chargeMapPath_MapChart,41
23,PageList - displaySearchBox    페이지 번호를 입력하여 해당 페이지로 바로 이동할 수 있는 페이지 번호 입력창을 표시.     PageList    displaySearchbox_PageList,43
24,SelectBox - preventWheelEvent    선택 목록 위에서 마우스 스크롤링 시 선택 목록이 스크롤되는 것을 방지. 대신 브라우저가 스크롤됨.     SelectBox    preventWheelEvent_SelectBox,71
25,"WidgetContainer - cols & unitHeightPixel & addWidgets()    위젯 생성 방법 및 위젯 이동, 최대화, 고정, 리사이징, 닫기 방법 소개.     WidgetContainer    cols_unitHeightPixel_addWidgets_WidgetContainer",64
26,"WidgetContainer - enableWidgetTitle() & enableWidgetMove() & enableWidgetResize()    위젯 타이틀 표시, 위젯 이동, 위젯 리사이징 방법 설명.     WidgetContainer    enableWidgetTitle_enableWidgetMove_enableWidgetResize_WidgetContainer",66
27,WindowContainer - nameLayerMove    네임 레이어 상의 윈도우 순서 변경.     WindowContainer    nameLayerMove_WindowContainer,35
28,"WindowContainer - createWindow() & fixWindow() & unfixWindow()    윈도우 생성, 윈도우 고정 및 고정 취소, 윈도우를 고정한 채로 생성.    WindowContainer    createWindow_fixWindow_unfixWindow_WindowContainer",66
29,"WindowContainer - closeType & useFixButton    전체 윈도우를 한번에 닫거나, 혹은 고정되거나 고정되어 있지 않은 윈도우만 한번에 닫기.     WindowContainer    closeType_useFixButton_WindowContainer",66
30,$p - openPopup() & options.fullscreen    팝업을 전체 화면에 표시.    $p    openPopup_fullscreen_$p_WebSquare_util,39
31,GridView - setFixedRow()    GridView 행들을 고정.    GridView    setFixedRow_GridView,24
32,GridView - setFixedRow() & mergeCellsFixedRows()    행 고정된 부분에서만 셀들을 병합.     GridView    setFixedRow_mergeCellsFixedRows_GridView,45
33,GridView - setFixedColumn() & setFixedRightColumn()    좌측 및 우측의 열들을 고정.     GridView    setFixedColumn_setFixedRightColumn_GridView,46
34,GridView - setFixedCol()  & setFixedRightCol() & mergeCellsFixedCols()    열 고정된 부분에서만 셀들을 병합.     GridView    setFixedCol_setFixedRightCol_mergeCellsFixedCols_GridView,56
35,GridView - advancedExcelUpload()    엑셀 파일을 그리드뷰로 업로드.    GridView    advancedExcelUpload_GridView,33
36,GridView - advancedExcelUpload() & options.headerExist    엑셀 파일의 헤더를 제외하고 그리드뷰로 업로드.     GridView    advancedExcelUpload_headerExist_GridView,50
37,GridView - advancedExcelUpload() & options.dateFormat    엑셀 파일을 그리드뷰로 업로드할 때 그리드뷰에 표시할 날짜 형식을 지정.    GridView    advancedExcelUpload_dateFormat_GridView,61
38,GridView - mergeCells & mergeCol    지정한 열의 셀들만 병합. (선택적 병합)    GridView    mergeCells_mergeCol_GridView,42
39,GridView - mergeCol()    셀 병합에서 제외할 컬럼을 지정. 지정한 컬럼의 셀들은 병합에서 제외됨.     GridView    mergeCol_GridView,57
40,GridView - getMerged()    지정한 셀의 합 상태를 확인.     GridView    getMerged()_GridView,30
41,WebSquare.util - multipleDataListDownload()    여러 개의 DataList를 엑셀 파일로 다운로드.    WebSquare.util    multipleDataListDownload_WebSquare_util,41
42,WebSquare.util - multipleExcelDownload()    여러 개의 GridView를 엑셀 파일로 다운로드.    WebSquare.util    multipleExcelDownload_WebSquare_util,38
43,"ScheduleCalendar - headerLeftBtn & headerRightBtn    좌측 상단에는 앞뒤 이동 버튼을 표시하고, 우측 상단에는 스케줄 단위(일, 주, 월) 버튼을 표시.?    ScheduleCalendar    headerLeftBtn_headerRightBtn_ScheduleCalendar",85
44,"CheckComboBox - navBtn    ""선택완료"" 및 ""선택해제"" 버튼을 표시.    CheckComboBox    navBtn_CheckComboBox",36
45,"$p - openPopup() & getParameter()    $p.openPopup() 함수를 통해 팝업을 생성할 때, dataObject를 통해 파라미터를 팝업에 전달하고, 전달받은 파라미터는 생성한 팝업창에서 $p.getParameger() 함수로 확인.     $p    getParameter_$p_openPopup_$p",94
46,"TabControl - addTab() & $p.getParamater()    addTab() 함수를 통해 탭을 생성할 때, dataObject를 통해 파라미터를 새로 생성하는 탭에 전달하고, 전달받은 파라미터는 새로 생성한 탭에서 $p.getParameger() 함수로 확인.     TabControl    getParameter_$p_addTab_TabControl",96
47,"WindowContainer - createWindow() & $p.getParamater()    createWindow() 함수를 통해 윈도우를을 생성할 때, dataObject를 통해 파라미터를 새로 생성하는 윈도우에 전달하고, 전달받은 파라미터는 새로 생성한 윈도우에서 $p.getParameger() 함수로 확인.     WindowContainer    getParameter_$p_createWindow_WindowContainer",104
48,"WFrame - setSrc() & $p.getParamater()    setSrc() 함수를 통해 WFrame 화면을 설정할 때, dataObject를 통해 파라미터를 새로 설정하는 화면에 전달하고, 전달받은 파라미터는 새로 설정한 화면에서 $p.getParameger() 함수로 확인.     WFrame    getParameter_$p_setSrc_WFrame",102
49,"gridView.column - useFilter & useFilterList (GridView)     컬럼에 필터링 기능을 적용하고, 필터링 아이콘을 클릭하면 필터 항목을 목록으로 표시.     GridView    useFilter_gridView_column_useFilterList_GridView",74
50,LinkedDataList - setCondition()    LinkedDataList의 필터링 혹은 정렬 조건을 설정.     DataCollection    setCondition_LinkedDataList,38
51,"LinkedDataList - getFilteredRowIndex()    필터링을 수행한 이후, 필터링된 데이터의 행 인덱스를 반환.     DataCollection    getFilteredRowIndex_LinkedDataList",49
52,InputBox - dataType & displayFormat    시간 및 날짜 입력 방식을 지정.     InputBox    dataType_displayFormat_InputBox,32
53,"InputBox - dataType=""number"" & displayFormat    소수점 숫자의 반올림 및 무조건 올림.     InputBox    dataType_number_displayFormat_InputBox",46
54,"InputBox - dataType=""text"" & displayFormatter    알파벳 소문자를 대문자로 변환.    InputBox    dataType_text_displayFormatter_InputBox",39
55,"Studio - Getting Started    웹스퀘어 스튜디오 시작 후, 웹스퀘어 프로젝트 및 페이지 생성.     Studio    getting_started_Studio",45
56,"Studio - Help & Perspective    F1 버튼을 눌러 도움말 확인 & Perspective 선택 및 복구.
    Studio    help_perspective_Studio",39
57,Studio - Static & Absolute Drawing Modes    그리기 모드 비교 (Absolute Vs. Static)    Studio    static_absolute_drawing_mode_Studio,32
58,Studio - Drawing Components    일반적인 컴포넌트 그리기 순서 이해하기.    Studio    drawing_components_Studio,35
59,Studio - Viewing on Browsers    기본 브라우저를 설정하고 기본 브라우저에서 페이지 확인하기.     Studio    viewing_on_browsers_Studio,45
60,Design - margin & padding    margin과 padding 비교.    디자인    margin_padding_Design,23
61,Design - Block-level Element Styling    Block-level 요소의 스타일링 팁.    디자인    block_styling_Design,34
62,Design - flow & overflow    float 및 overflow 설명.    디자인    float_overflow_Design,23
63,Studio - Searching components and properties    Studio에서 컴포넌트와 속성을 검색.     Studio    component_property_search_Studio,33
64,Design - Adding CSS    CSS를 적용하는 3가지 방법.     디자인    adding_CSS_Design,29
65,Studio - Adding events    웹스퀘어5 컴포넌트에 이벤트 추가. JS 코드를 작성하여 동작 추가.    Studio    adding_events_Studio,46
66,Studio - Adding snippets    스니핏 추가 방법.    Studio    adding_snippets_Studio,23
67,WFrame - page    웹스퀘어 페이지 설명.     WFrame    page_WFrame,23
68,"Selection Components    단일 선택 vs. 다중 선택    Autocomplete
Radio
SelectBox
Spinner
ChekBox
CheckComboBox
MultiSelect    AutoComplete_Radio_SelectBox_Spinner_CheckBox_CheckComboBox_MultiSelect",50
69,"AutoComplete_GridView - ItemSet & chooseOption & chooseOptionLabel    ItemSet을 통한 선택 항목 직접 입력하고 선택 안내 메시지 표시.    AutoComplete
SelectBox    ItemSet_chooseOption_chooseOptionLabel_AutoComplete_SelectBox",61
70,"CheckBox - Span Direction & Span Count & cols & rows    선택 항목을 직접 입력하고, 선택 항목을 표시하는 방법을 설정.     CheckBox    SpanDirection_SpanCount_cols_rows_CheckBox",52
71,"Radio - Span Direction & Span Count & cols & rows    선택 항목을 직접 입력하고, 선택 항목을 표시하는 방법을 설정.     Radio    SpanDirection_SpanCount_cols_rows_Radio",52
72,CheckComboBox - ItemSet    선택 항목을 직접 입력하여 설정.     CheckComboBox    ItemSet_CheckComboBox,27
73,"CheckComboBox - allOption & chooseOption & chooseOptionLabel    “전체 선택” 및 선택 안내 메시지 표시. 
    CheckComboBox    allOption_chooseOption_chooseOptionLabel_CheckComboBox",44
74,"DataList - Introduction    DataList 생성, 복사, 삭제.    DataCollection    introduction_DataList",22
75,Radio - BindItemSet & SpanDirection & SpanCount & cols & rows    DataList와 바인딩하여 선택 항목을 설정.    Radio    BindItemSet_SpanDirection_SpanCount_cols_rows_Radio,47
76,SelectBox - BindItemSet    DataList와 바인딩하여 선택 항목을 설정.    SelectBox    BindItemSet_SelectBox,31
77,AutoComplete - BindItemSet & allOption & chooseOption & chooseOptionLabel    DataList와 바인딩하여 선택 항목을 설정.    AutoComplete    BindItemSet_allOption_chooseOption_chooseOptionLabel_AutoComplete,49
78,"AutoComplete Vs. SelectBox    AutoComplete와 SelectBox 비교    AutoComplete
SelectBox    AutoComplete_SelectBox",26
79,CheckBox - BindItemSet    DataList와 바인딩하여 선택 항목을 설정.    CheckBox    BindItemSet_CheckBox,29
80,"CheckComboBox - BindItemSet & allOption & chooseOption & chooseOptionLabel    DataList와 바인딩하여 선택 항목을  설정하고, 속성을 통해 선택 안내 메시지 표시.    CheckComboBox    BindItemSet_allOption_chooseOption_chooseOptionLabel_CheckComboBox",68
81,"CheckComboBox - displayMode & delimiter    label, value, delimiter를 이용하여 선택 항목을 표시하는 방법을 설정. 
    CheckComboBox    displayMode_delimiter_CheckComboBox",43
82,"SelectBox - displayMode & delimiter    label, value, delimiter를 이용하여 선택 항목을 표시하는 방법을 설정. 
    SelectBox    displayMode_delimiter_SelectBox",43
83,"AutoComplete - displayMode & delimiter    label, value, delimiter를 이용하여 선택 항목을 표시하는 방법을 설정. 
    AutoComplete    displayMode_delimiter_AutoComplete",44
84,MultiSelect - BindItemSet    DataList와 바인딩하여 선택 항목을 설정.    MultiSelect    BindItemSet_MultiSelect,32
85,Studio - Dragging and dropping components    드래그-앤-드롭으로 컴포넌트를 이동하거나 리사이징.     Studio    drag_n_drop_Studio,48
86,"Studio - Gridlines & Ruler & Guides    눈금선, 눈금자, 안내선    Studio    gridlines_ruler_guides_Studio",40
87,"Studio - WebSquare Search    키워드를 사용하여 웹스퀘어 페이지 파일 검색.
    Studio    search_Studio",32
88,InputBox - setValue() & getValue()    동적으로 value를 설정하거나 현재 설정된 value를 반환.     InputBox    setValue_getValue_InputBox,36
89,"$p - executeSubmission() & DataList    Submission 생성, 실행, 확인하기.    $p    executeSubmission_$p_DataList",27
90,DataList - setJSON()    DataList에 JSON 데이터를 설정.     DataCollection    setJSON_DataList,23
91,"gridView.column - inputType=""checkbox"" & inputType=""select""    inputType=""checkbox"" 및 inputType=""select"" 설정 예시.    GridView    inputType_checkbox_select_gridView_column",42
92,"DataList - insertRow() & removeRows()    지정한 인덱스에 해당하는 행을 추가하거나, 지정한 인텍스의 행(들)을 삭제.     DataCollection    insertRow_removeRows_DataList",55
93,"GridView - rowNumVisible& rowStatusVisible    행 번호 및 행 상태(추가, 수정, 삭제)를 아이콘으로 표시.      GridView    rowNumVisible_rowStatusVisible_Gridview",49
94,"GridView - getCheckedXXX()    선택된 행들의 인덱스, 혹은 정보를 XML, 스트링, JSON 형식으로 반환. 
    GridView    getCheckedXXX_Gridview",47
95,Calendar - highlightSelectedWeek    선택한 날짜가 속한 주를 다른 색으로 표시.    Calendar    highlightSelectedWeek_Calendar,36
96,ScheduleCalendar - nextDayThreshold    스케줄의 마지막 날짜를 표시하는 기준을 설정.    ScheduleCalendar    nextDayThreshold_ScheduleCalendar,44
97,"WidgetContainer - exportWidgets() & removeWidgetsAll()    현재 생성된 모든 위젯을 반환하거나 삭제.  
    WidgetContainer    exportWidgets_removeWidgetsAll_WidgetContainer",40
98,DataList - getFilteredColData() & getColData()    해당하는 컬럼의 필터링된 데이터를 반환.     DataCollection    getFilteredColData_getColData_DataList,43
99,GridView - sortable & showSortableImage    GridView 전체 혹은 특정 컬럼에 정렬 기능 추가.     GridView    sortable_showSortableImage_GridView,39
100,GridView - useCtrlOnMultisort    Ctrl 키와 해당 컬럼을 더블 클릭하여 추가 정렬을 수행.     GridView    useCtrlOnMultisort_GridView,48
101,"DataList - setData() & setJSON() & setXML()    DataList에 1차원 배열, JSON, XML 데이터를 설정.     DataCollection    setData_setJSON_setXML_DataList",42
102,"WidgetContainer - addWidgets()    동적으로 위젯을 추가.
    WidgetContainer    addWidgets_WidgetContainer",25
103,WindowContainer - Move and resize widgets     WidgetContainer 내부의 위젯을 이동하고 리사이징.    WidgetContainer    move_resize_widgets_WidgetContainer,36
104,InputBox - validate() & displaymessage & invalidmessage& invalidMessageFunc    사용자가 InputBox에 입력한 데이터를 검증.     InputBox    validate_displaymessage_invalidMessage_invalidMessageFunc_InputBox,44
105,Radio - validate() & displaymessage & invalidmessage& invalidMessageFunc    사용자가 Radio에서 선택한 데이터를 검증.     Radio    validate_displaymessage_invalidMessage_invalidMessageFunc_Radio,41
106,InputCalendar - defaultDate & getDefaultDate() & setDefaultDate()    달력 아이콘 클릭 시 표시되는 날짜를 설정하거나 확인.     InputCalendar    defaultDate_getDefaultDate_setDefaultDate_InputCalendar,57
107,Secret - validate() & displaymessage & invalidmessage & invalidMessageFunc    사용자가 Secret에 입력한 데이터를 검증.     Secret    validate_displaymessage_invalidMessage_invalidMessageFunc_Secret,41
108,WindowContainer - createWindow()    WindowContainer 내에 윈도우를 생성.     WindowContainer    createWindow_WindowContainer,26
109,WindowContainer - stopMinimizeOnNameLayer    네임 레이어 클릭 시 화면을 최소화하지 않고 화면 크기를 유지.    WindowContainer    stopMinimizeOnNameLayer_WindowContainer,55
110,SelectBox - validate() & displaymessage & invalidmessage & invalidMessageFunc    사용자가 SelectBox에 입력한 데이터를 검증.     SelectBox    validate_displaymessage_invalidMessage_invalidMessageFunc_SelectBox,44
111,$p - executeSubmission() DataList & Radio & SelectBox    한 개의 Submission을 통해 두 개 이상의 DataList에 데이터를 로딩.     $p    executeSubmission_$p_DataList_Radio_SelectBox,50
112,$p - executeSubmission() & DataMap    여러 컴포넌트와 바인딩된 DataMap의 데이터를 로딩.     $p    executeSubmission_$p_DataMap,44
113,AutoComplete - validate() & mandatory    사용자가 AutoComplete에 입력한 데이터를 검증.     AutoComplete    validate_mandatory_AutoComplete,32
114,GridView - columnMove    GridView 상에서 헤더 드래깅을 통한 열 이동을 허용.    GridView    columnMove_GridView,39
115,CheckBox - tooltipDisplay & tooltipShowAlways & tooltipFormatter    CheckBox의 각 선택 항목에 label 값 혹은 사용자 지정값을 툴팁으로 표시.     CheckBox    tooltipDisplay_tooltipShowAlways_tooltipFormatter_CheckBox,54
116,Radio - tooltipDisplay & tooltipShowAlways & tooltipItemLabel & tooltipFormatter    Radio의 각 선택 항목에 label 값 혹은 사용자 지정값을 툴팁으로 표시.     Radio    tooltipDisplay_tooltipShowAlways_tooltipItemLabel_tooltipFormatter_Radio,61
117,WidgetContainer - preventMaximizeByTitle    사용자의 타이들 더블-클릭을 통한 위젯 최대화 방지.     WidgetContainer    preventMaximizeByTitle_WidgetContainer,50
118,GridView - columnMove & columnMoveWithFooter    헤더가 병합된 열을 푸터와 함께 이동.    GridView    columnMove_columnMoveWithFooter_GridView,47
119,WebSquare.util - multipleDataListDownload() & options.showProcess & options.processMsg    여러 DataList를 다운로드하는 동안 상태 메시지 표시.     WebSquare.util    multipleDataListDownload_showProcess_processMsg_WebSquare_util,58
120,InputCalendar - validate() & displaymessage & invalidMessageFunc    사용자가 InputCalendar에 입력한 날짜를 검증.     InputCalendar    validate_displaymessage_invalidMessageFunc_InputCalendar,42
121,GridView - tooltipDisplay & tooltipShowAlways    GridView의 body 그리고/혹은 header에 툴팁을 표시.     GridView    tooltipDisplay_tooltipShowAlways_GridView,41
122,"GridView - rowNumVisible& rowNumHeaderValue & rowNumWidth & rowNumBackgroundColor    GridView 각 행의 번호를 표시하는 컬럼의 헤더 값, 폭, 배경색을 지정.    GridView    rowNumVisible_rowNumHeaderValue_rowNumWidth_rowNumBackgroundColor_GridView",65
123,"GridView - rowStatusVisible & rowStatusHeaderValue & rowStatusWidth    GridView 각 행의 상태를 표시하는 컬럼의 헤더 값과 폭을 지정.
    GridView    rowStatusVisible_rowStatusHeaderValue_rowStatusWidth_GridView",59
124,GridView - sortable & sortEvent & showSortableImage & sortedIconPosition & sortOrderReverse    GridView 각 열에 정렬 기능을 추가.     GridView    sortable_sortEvent_showSortableImage_sortedIconPosition_sortOrderReverse_GridView,49
125,gridView.column - inputType & viewType    GridView 컬럼(gridView.column)의 inputType에 따라 해당 아이콘을 표시.     gridView.column    viewType_inputtype_gridView_column,46
126,GridView - editModeEvent & editModeEventIcon    셀 편집 모드 진입에 필요한 마우스 동작을 설정.    GridView    editModeEvent_editModeEventIcon_GridView,49
127,"GridView - keyMoveEditMode & moveKeyEditMode & moveKeyEditModeAll    셀 편집 모드 진입에 필요한 키를 지정. (Enter, Tab, 방향키)    GridView    keyMoveEditMode_moveKeyEditMode_moveKeyEditModeAll_GridView",65
128,GridView - focusFlow    포커스 이동 방향 설정.    GridView    focusFlow_GridView,25
129,GridView - focusMode & selectedCellColor& selectedRowColor    선택된 셀 및 해당 셀이 속한 행을 포커싱하는 방법을 결정.      GridView    focusMode_selectedCellColor_selectedRowColor_GridView,58
130,"DataList - getFiterList() & clearFilter() & setColumnFilter()    현재 적용된 필터를 저장 후, 저장한 필터를 다시 로딩.     DataCollection    getFiterList_clearFilter_setColumnFilter_DataList",56
131,"GridView - setRowVisible() & clearRowVisible()    특정 행(들)을 숨김 처리하고, 숨김 처리를 다시 해제.     GridView    setRowVisible_clearRowVisible_GridView",52
132,GridView - visibleRowNum    GridView 상에 표시할 행의 수를 지정.     GridView    visibleRowNum_GridView,29
133,WindowContainer - setArrangeWindows()    표시할 윈도우 및 표시 방법을 설정.     WindowContainer    setArrangeWindows_WindowContainer,36
134,"gridView.column - inputType=""custom"" & typeGetter    GridView 컬럼의 inputType을 동적으로 변경.     GridView    inputType_custom_typeGetter_gridView_column",39
135,GridView - oncellclick    사용자가 GridView의 셀을 클릭할 때 발생.     GridView    oncellclick_GridView,31
136,DataList - getAllJSON()    DataList의 전체 데이터를 rowStatus를 제외하고 JSON으로 반환.     DataCollection    getAllJSON_DataList,34
137,Studio SP4 - Palette View Upgrade    업데이트된 SP4 스튜디오의 Palette 뷰 설명.     Studio    Palette_Upgrade_SP4_Studio,40
138,Studio SP4 - Property View Upgrade    업데이트된 SP4 스튜디오의 Property 뷰 설명.    Studio    Property_Upgrade_SP4_Studio,40
139,Studio - Outline View    스튜디오의 Outline 뷰 설명.     Studio    Outline_Studio,25
140,Studio SP4 - Perspective View Upgrade    업데이트된 SP4 스튜디오의 Perspective 설명.    Studio    Perspective_Upgrade_SP4_Studio,37
141,InputCalendar - disableBeforeDate & disableAfterDate    특정 날짜 이전/이후의 날짜들을 비활성화    InputCalendar    disableBeforeDate_disableAfterDate_InputCalendar,49
142,Pivot - pivotExcelDownload & options.autoSizeColumn    헤더 혹은 바디의 텍스트 길이에 따라 해당 컬럼의 너비를 조절    Pivot    pivotExcelDownload_options_autoSizeColumn_Pivot,58
143,$p - executeSubmission() & events    Submission 생성/실행 및 관련 이벤트 정의.    $p    executeSubmission_$p,34
144,"TabControl - tabScroll & changeActiveTab    탭 스크롤 버튼을 표시하고, 버튼을 클릭하면  해당 탭을 활성화    TabControl    tabScroll_changeActiveTab_TabControl",54
145,GridView - dataDragSelect & useShiftKey    드래깅 혹은 Shift 키를 사용하여 여러 개의 셀을 선택하고 삭제    GridView    dataDragSelect_useShiftKey_GridView,47
146,"InputBox - maxLength    입력 가능한 텍스트 길이를 제한 (dataType=""euro"", ""rupee"" 혹은 ""tenge""인 경우에도 지원)    InputBox    maxLength_InputBox",48
147,AutoComplete - onselected    항목 선택 후 발생. onitemclick 이후 발생.     AutoComplete    onselected_AutoComplete,32
148,SelectBox - onselected    마우스 클릭 혹은 Enter 키를 통해 항목을 선택할 경우 발생    SelectBox    onselected_SelectBox,39
149,InputCalendar - dateValidSetCustom & setValueCancel()    유효하지 않은 값을 입력할 경우 invalidMessageFunc 함수를 실행하여 오류 메시지를 표시하고 setValueCancel() 함수를 실행하여 이전 유효한 값을 유지.     InputCalendar    dateValidSetCustom_setValueCancel_InputCalendar,73
150,Pivot - headerYMerge    헤더 컬럼 병합    Pivot    headerYMerge_Pivot,28
151,config xml - exceptEmptyValue    dataType=“bigDecimal” 혹은 “number” 컬럼의 데이터가 없는 경우 전송 데이터에서 제외    _config_xml    exceptEmptyValue_config_xml,47
152,AutoComplete - caseSensitive & search &useKeywordHighlight    대소문자 구분 검색    AutoComplete    caseSensitive_search_useKeywordHighlight_AutoComplete,33
153,gridView column - excelFormat    다운로드한 Excel 파일에 적용할 표시 형식을 설정    GridView    excelFormat_gridView_column,35
154,Pivot - noColumnMove    헤더 컬럼 이동    Pivot    noColumnMove_Pivot,26
155,$p - isPopup()    현재 화면 혹은 부모 화면의 팝업 여부 확인. (팝업이 wframePopup 혹은 browserPopup인 경우에 한함.)    $p    isPopUp_$p,58
156,$p - isWFramePopup()    현재 화면 혹은 부모 화면이 WFrame 팝업인지 확인.     $p    isWFramePopUp_$p,44
157,"gridView.column - orderByColumn    헤더 컬럼이 병합된 경우, 정렬 기준으로 삼을 컬럼을 지정.     GridView    orderByColumn_gridView_column",51
158,"gridView.column - checkboxLabelColumn radioLabelColumn    inputType=""checkbox"" 혹은 inputType=""radio"" 컬럼의 경우, 다른 칼럼의 값을 조합하여 CheckBox 혹은 Radio 라벨 값으로 사용    GridView    checkboxLabelColumn_radioLabelColumn_gridView_column",67
159,WindowContainer - useWindowScrollButton    현재 열려 있는 윈도우의 목록을 보여주는 버튼을 툴바에 표시. 목록에는 윈도우 닫기 버튼도 함께 표시됩. (2021년 8월 이후 엔진)    WindowContainer    useWindowScrollButton_WindowContainer,92
160,Multi-language - useLocale & localeRef    텍스트를 브라우저가 사용하는 언어로 표시    _Multi-language    useLocale_localeRef_Multi_language,42
161,Multi-language - useLocale & useItemLocale    선택 항목을 브라우저가 사용하는 언어로 표시    _Multi-language    useLocale_useItemLocale_Multi_language,45
162,Multi-language - chooseOptionLabelLocaleRef    컴포넌트의 선택 항목 및 chooseOption 텍스트를 브라우저 언어로 표시.     _Multi-language    useLocale_useItemLocale_chooseOption_chooseOptionLabelLocaleRef_Multi_language,65
163,Multi-language - useLocale & tooltipLocaleRef    툴팁 텍스트를 브라우저 언어로 표시.     _Multi-language    useLocale_tooltipLocaleRef_Multi_language,47
164,Accordion - unCollapseAll    모든 패널을 연 상태에서 Accordion 컴포넌트를 로딩    Accordion    unCollapseAll_Accordion,41
165,Pivot - headerYMerge & pivotExcelDownload()    Excel 다운로드 시 세로축 헤더 병합 상태를 유지    Pivot    headerYMerge_pivotExcelDownload_Pivot,50
166,WindowContainer - useFixButton & nameLayerRearrange    핀으로 고정한 윈도우를 네임레이어의 제일 앞으로 이동    WindowContainer    useFixButton_nameLayerRearrange_WindowContainer,54
167,WindowContainer - createWindow() defaultWidth/Height    초기에는 최대 크기로 생성되나 창 크기 복원 아이콘을 클릭하면 지정한 크기로 축소됨    WindowContainer    createWindow_defaultWidth_defaultHeight_WindowContainer,66
168,CheckComboBox - visibleColMax    선택 목록을 펼쳤을 때 보여줄 열의 최대 개수를 지정    CheckComboBox    visibleColMax_CheckComboBox,43
169,CheckComboBox - visibleColNum    선택 항목을 표시할 열의 개수를 지정    CheckComboBox    visibleColNum_CheckComboBox,33
170,"CheckComboBox - useDrag rangeSeparator separator    마우스 드래깅을 통해 항목들을 선택하고, 연속적으로 선택된 값을 기호를 통해 표시    CheckComboBox    useDrag_rangeSeparator_CheckComboBox",57
171,CheckComboBox - useEdit    키보드 입력을 통한 항목 선택    CheckComboBox    useEdit_CheckComboBox,27
172,"CheckComboBox - validateOnInput    사용자가 값을 입력할 때마다 (useEdit=""true"") 해당 값의 유효성을 검증    CheckComboBox    validateOnInput_CheckComboBox",43
173,WindowContainer - windowMoveType    WindowContainer 밖으로 드래깅된 윈도우의 위치를 결정    WindowContainer    windowMoveType_WindowContainer,36
174,"GridView - useFilterSearch    필터링 조건 입력 상자(useFilterList=""true"")에 검색 기능 제공.    GridView    useFilterSearch_GridView",38
175,"GridView - checkAllType    헤더(inputType=""checkbox"")의 체크박스를 통한 전체 셀 선택 시 disabled 및 readOnly 셀 선택 상태 포함 여부.     GridView    checkAllType_GridView",57
176,"GridView - advancedExcelDownload options customToDataType    inputType=“custom” dataType=“number” (혹은 ""bigDecimal"") 셀의 데이터를 다운로드한 Excel 파일에서 숫자로 인식하여 숫자 계산을 지원.    GridView    advancedExcelDownload_customToDataType_GridView",68
177,gridView.column - excelFormatter    다운로드한 Excel 파일에 적용할 포맷팅 함수를 지정    GridView    excelFormatter_gridView_column,36
178,"GridView - setFocusedMultiCell()    특정 영역을 지정하여, 해당 영역에 속하는 셀만 선택.     GridView    setFocusedMultiCell_GridView",45
179,"GridView - dataDragDrop    GridView 내에서, 혹은 서로 다른 GridView 사이에 GridView 행 전체를 드래그-앤-드롭.    GridView    dataDragDrop_GridView",47
180,"GridView - setDrillDownDragDrop()    inputType=""drilldown"" 컬럼을 포함한 행들을 GridView 내에서, 혹은 서로 다른 GridView 사이에서 드래깅하여 이동.     GridView    setDrillDownDragDrop_GridView",64
181,SelectBox - labelWidthAuto    선택 항목의 label 길이에 따라 SelectBox의 너비 조절.    SelectBox    labelWidthAuto_SelectBox,39
182,WindowContainer - .w2window_selected    여러 윈도우 중 현재 선택된 윈도우를 구분하는 스타일 지정.    WindowContainer    w2window_selected_WindowContainer,46
183,GridView - groupby()    함수를 통한 그룹핑 수행.    GridView    groupby_GridView,27
184,GridView - groupbyZone    한 개 이상의 컬럼 헤더를 드래그-앤-드롭하여 그룹핑을 수행할 수 있도록 허용.    GridView    groupbyZone_GridView,60
185,GridView - clearGroupby()    그룹핑을 해제    GridView    clearGroupby_GridView,23
186,GridView - getGroupbyData()     그룹핑 조건 반환    GridView    getGroupbyData_GridView,26
187,GridView - groupbyMaxCount    그룹핑 기준 컬럼 수 제한    GridView    groupbyMaxCount_GridView,31
188,GridView - groupbyZoneHeight & groupbyZoneMessage    그룹핑 영역 높이 및 그룹핑 영역에 표시할 메시지 지정    GridView    groupbyZoneHeight_groupbyZoneMessage_GridView,59
189,GridView - groupbyFilterBox & groupbyFilterBoxLocation    그룹핑 필터 박스 표시    GridView    groupbyFilterBox_groupbyFilterBoxLocation_GridView,40
190,GridView - customFilterBox    필터를 유지한 채 그룹핑 수행    GridView    customFilterBox_GridView,32
191,GridView - drawType    렌더링 방법 선택    GridView    drawType_GridView,23
192,GridView - setCellInputType() & setCellInputTypeCustom    GridView 특정 셀의 inputType을 동적으로 변경.     GridView    setCellInputType_setCellInputTypeCustom_GridView,46
193,gridView.column - sortLabel    컬럼의 데이터를 라벨값을 기준으로 정렬.    GridView    sortLabel_gridView_column,36
194,MultiUpload - getFileCount()    업로드 대상 파일의 수를 반환.     MultiUpload    getFileCount_MultiUpload,28
195,"$p - openPopup & options.modal    WFrame, IFrame, 브라우저 팝업을 모달 혹은 모달리스 형태로 생성.    $p    openPopup_modal_$p",52
196,$p - openPopup & options.frameModal    지정한 WFrame 영역에만 표시되는 팝업을 생성.    $p    openPopup_frameModal_$p,42
197,WFrame - frameModal    WFrame 내에서 부모 팝업을 닫을 때 부모 팝업이 생성한 모든 자식 팝업을 함께 닫기.     WFrame    frameModal_WFrame,57
198,"TabControl - frameModal    frameMode=""wframe"" 혹은 ""wframePreload""  탭 상에서 팝업을 닫을 경우 모든 자식 팝업을 함께 닫기.    TabControl    frameModal_TabControl",59
199,"WindowContainer - createWindow() & frameModal    frameMode=""wframe"" 윈도우 상에서 팝업을 닫을 경우 모든 자식 팝업을 함께 닫기.    WindowContainer    createWindow_frameModal_WindowContainer",58
200,"tabControl.content - frameMode    frameMode=""wframe"" 혹은 ""wframePreload"" 탭에서 지정한 영역에만 표시되는 모달 팝업을 생성.     TabControl    frameMode_tabControl_content_openPopup_frameModal_$p",64
201,"windowContainer.window - frameMode    frameMode=""wframe"" 윈도우에서에서 지정한 영역에만 표시되는 모달 팝업을 생성.    WindowContainer    frameMode_windowContainer_window_openPopup_frameModal_$p",58
202,Calendar - displayDayType    달력의 요일을 이미지 혹은 텍스트로 표시.     Calendar    displayDayType_Calendar,34
203,GridView - copyType    GridView에서 데이터를 복사할 때 데이터 복사 방법을 지정.     GridView    copyType_GridView,32
204,"GridView - subtotalStyleFormatter    subtotal에 적용할 CSS 클래스를 판단. 즉, subtotal 데이터에 따라 서로 다른 CSS를 적용.    GridView    subtotalStyleFormatter_GridView",48
205,WindowContainer - getSelectedIndex()    현재 선택된 윈도우의 인덱스를 확인.    WindowContainer    getSelectedIndex_WindowContainer,33
206,InputCalendar - displayDaytype    달력의 요일을 이미지 혹은 텍스트로 표시.     InputCalendar    displayDayType_InputCalendar,36
207,"GridView - dataDragDropStatus    하나의 GridView 내에서 드래그-앤-드롭으로 행을 이동할 경우, rowStatus를 유지.    GridView    dataDragDropStatus_GridView",49
208,"InputCalendar - ioFormat & displayFormat & calendarDisplayFormat    (1) 날짜 입력 형식, (2) 입력란의 날짜 출력 형식, (3) 달력의 날짜 출력 형식을 지정.    InputCalendar    ioFormat_displayFormat_calendarDisplayFormat_InputCalendar",73
209,InputCalendar - setValue() & ioFormat    특정 날짜를 직접 설정.    InputCalendar    setValue_ioFormat_InputCalendar,33
210,Spinner - initValue    Spinner 컴포넌트의 초기값을 지정.     Spinner    initValue_Spinner,29
211,InputBox - ltrim & trim & rtrim    포커스가 InputBox를 벗어날 때 좌측 및/혹은 우측 공백 제거.    InputBox    ltrim_trm_rtrim_InputBox,60
212,AutoComplete - oneditkeyup    사용자가 키보드에서 키를 누른 후 누른 키를 놓을 때 발생.     AutoComplete    oneditkeyup_AutoComplete,48
213,AutoComplete - oneditenter    사용자가 편집 모드로 진입 후 Enter 키를 누를 때 발생.    AutoComplete    oneditenter_AutoComplete,44
214,"AutoComplete - nextTabByEnter & nextTabID    사용자가 탭 키 혹은 엔터 키를 입력할 경우, nextTabID 컴포넌트로 이동. 
    AutoComplete    nextTabByEnter_nextTabID_AutoComplete",62
215,Group - onmouseleave & onmouseenter    마우스가 Group 컴포넌트 밖으로 나가거나 들어올 때 발생.    Group    onmouseleave_onmouseenter_Group,45
216,InputBox - oneditfull & maxByteLength & autoFocus    사용자 입력이 maxByteLength 값에 도달할 경우 발생.     InputBox    oneditfull_maxByteLength_autoFocus_InputBox,45
217,"gridView.column - inputType=""select""    GridView 특정 컬럼의 inputType을 “select""로 설정.
    GridView    inputType_select_gridView_column",38
218,"GridView - advancedExcelUpload() & options.type    Excel 파일 업로드 시 데이터 종류(value 혹은 label)를 모든 컬럼에 대해 명시. GridView 컬럼의 inputType이 ""select"", ""autoComplete"", 혹은 ""checkcombobox""인 경우 해당.     GridView    advancedExcelUpload_type_GridView",77
219,"GridView - advancedExcelUpload() & options.type & options.convertIndex    Excel 파일 업로드 시 데이터 종류(value 혹은 label)를 컬럼 별로 명시. GridView 컬럼의 inputType이 ""select"", ""autoComplete"", 혹은 ""checkcombobox""인 경우 해당.     GridView    advancedExcelUpload_type_convertIndex_GridView",81
220,"GridView - advancedExcelDownload() & options.type    GridView를 Excel로 다운로드 할 때 다운로드 할 데이터 종류(value 혹은 label)를 GridView 전체에 대해 명시. GridView 컬럼의 inputType이 ""select"", ""autoComplete"", 혹은 ""checkcombobox""인 경우 해당.     GridView    advancedExcelDownload_type_GridView",82
221,"GridView - advancedExcelDownload() & options.type & options.convertIndex    Excel 파일 다운로드 시 데이터 종류(value 혹은 label)를 컬럼 별로 명시. GridView 컬럼의 inputType이 ""select"", ""autoComplete"", 혹은 ""checkcombobox""인 경우 해당.     GridView    advancedExcelDownload_type_convertIndex_GridView",81
222,"WindowContainer - autoArrange    여러 윈도우 중 특정 윈도우를 닫을 경우, 남아 있는 윈도우를 자동 정렬.    WindowContainer    autoArrange_WindowContainer",50
223,WindowContainer - Window Maximization    최대화 버튼을 클릭하거나 윈도우 타일을 더블-클릭하여 최대화    WindowContainer    window_maximization_WindowContainer,50
224,WindowContainer - Window Minimization    최소화 버튼을 클릭하거나 네임 레이어를 클릭하여 최소화    WindowContainer    window_minimization_WindowContainer,44
225,"WindowContainer - useWindowScrollButton & windowScrollVisibleRowNum    현재 열린 윈도우의 목록을 출력하는 버튼을  툴바에 표시하고, 목록의 항목 수를 지정.    WindowContainer    useWindowScrollButton_windowScrollVisibleRowNum_WindowContainer",74
226,GridView - advancedExcelUpload() & options.trim    Excel 파일을 GridView로 업로드 할 때 Excel 파일의 각 셀에 포함된 공백을 제거.     GridView    advancedExcelUpload_trim_GridView,50
227,"AutoComplete - preventKeyList    Key code와 콤마(,)를 사용하여 특정 키들의 동작을 방지.    AutoComplete    preventKeyList_AutoComplete",45
228,"SelectBoxComplete - preventKeyList    Key code와 콤마(,)를 사용하여 특정 키들의 동작을 방지.    SelectBox    preventKeyList_SelectBox",45
229,"TabControl - keepDisabledTab    비활성화된 부모탭이 활성화된 경우, 자식 탭의 비활성화 상태를 유지.    TabControl    keepDisabledTab_TabControl",51
230,"gridView.column - inputType=""autoComplete"" & directOpen    사용자가 화살표를 클릭하면 아이템 목록을 즉시 펼쳐서 표시.    GridView    inputType_autoComplete_directOpen_gridView_column",65
231,InputBox - dataType & displayFormat & applyFormat    정의한 포맷으로 숫자만 입력하고 입력 중 포맷을 적용하여 표시.    InputBox    dataType_displayFormat_applyFormat_InputBox,49
232,"DataList - setUserData() & getUserData()    DataList의 userData1, userData2, 혹은 userData3 속성 값을 설정/반환.    DataCollection    setUserData_getUserData_DataList",45
233,WindowContainer - controlIconPosition & useNameContainer    윈도우 배열 방법을 지정하는 아이콘을 표시할 위치를 설정.    WindowContainer    controlIconPosition_useNameContainer_WindowContainer,49
234,"WindowContainer - closeOthers()    현재 활성화된 윈도우, 혹은 주어진 windowID나 uniqueID에 해당하는 윈도우를 제외한 모든 윈도우 닫기.    WindowContainer    closeOthers_WindowContainer",60
235,"TabControl - tabScroll & tabPosition    탭 위치(tabPosition)에 따라 탭 목록 버튼(tabScroll=""true"")의 위치 결정.    TabControl    tabScroll_tabPosition_TabControl",45
236,Debugging - Context menus    Ctrl 키 + 마우스 우클릭을 통해 디버깅용 컨텍스트 메뉴 사용.    _Debugging    Menus_Debugging,49
237,InputBox - euroMask & rupeeMask & tengeMask    다양한 화폐 단위로 금액을 입력.    InputBox    euroMask_rupeeMask_tengeMask_InputBox,48
238,gridView.column - excelCellType    GridView에서 다운로드한 Excel 파일의 셀 표시 형식 지정.    GridView    excelCellType_gridView_column,39
239,GridView - enterKeyMove    사용자가 셀에서 Enter 키를 입력할 경우 포커스가 이동하는 방향을 설정.    GridView    enterKeyMove_GridView,44
240,TabControl - tabPosition    탭을 표시할 위치를 지정.    TabControl    tabPosition_TabControl,25
241,"Config.xml - popup & lazyPopup    팝업이 열리는 동시에 $p.executeSubmission() 함수가 즉시 실행될 경우, 상태창을 팝업 외부에 표시.     _config_xml    popup_lazyPopup_config_xml",64
242,AutoComplete - enableColumn & enableColumnFalseValue    특정 선택 항목들을 비활성화.    AutoComplete    enableColumn_enableColumnFalseValue_AutoComplete,40
243,UDC    User-defined Component (UDC) 생성 후 페이지에서 활용.    UDC    UDC,24
244,"dataList_dataMap_linkedDataList    dataMap, dataList, linkedDataList를 생성하고 확인.     DataCollection    dataList_dataMap_linkedDataList",32
245,AutoComplete - setEnableColumn()    특정 선택 항목들을 함수를 사용하여 동적으로 비활성화.    AutoComplete    setEnableColumn_AutoComplete,42
246,AutoComplete - visibleColumn & visibleColumnFalseValue & setVisibleColumn()    특정 선택 항목들을 선택 항목 목록에 표시하지 않고 숨기기.     AutoComplete    visibleColumn_visibleColumnFalseValue_setVisibleColumn_AutoComplete,60
247,CheckBox - visibleColumn & visibleColumnFalseValue & setVisibleColumn()    특정 선택 항목들을 선택 항목 목록에 표시하지 않고 숨기기.     CheckBox    visibleColumn_visibleColumnFalseValue_setVisibleColumn_CheckBox,57
248,GridView - setColumnEnableColumn()    GridView 컬럼의 inputType에 따라 특정 선택 항목들을 동적으로 비활성화.    GridView    setColumnEnableColumn_GridView,49
249,Gridview - setColumnVisibleColumn()    GridView 컬럼의 inputType에 따라 특정 선택 항목들을 동적으로 숨기기.    GridView    setColumnVisibleColumn_GridView,49
250,CheckComboBox - visibleColumn & visibleColumnFalseValue & setVisibleColumn()    특정 선택 항목들을 선택 항목 목록에 표시하지 않고 숨기기.     CheckComboBox    visibleColumn_visibleColumnFalseValue_setVisibleColumn_CheckComboBox,59
251,Radio - visibleColumn & visibleColumnFalseValue & setVisibleColumn()    특정 선택 항목들을 선택 항목 목록에 표시하지 않고 숨기기.     Radio    visibleColumn_visibleColumnFalseValue_setVisibleColumn_Radio,57
252,SelectBox - visibleColumn & visibleColumnFalseValue & setVisibleColumn()    특정 선택 항목들을 선택 항목 목록에 표시하지 않고 숨기기.     SelectBox    visibleColumn_visibleColumnFalseValue_setVisibleColumn_SelectBox,59
253,CheckBox - enableColumn & enableColumnFalseValue    특정 선택 항목들을 비활성화.    CheckBox    enableColumn_enableColumnFalseValue_CheckBox,37
254,CheckComboBox - enableColumn & enableColumnFalseValue    특정 선택 항목들을 비활성화.    CheckComboBox    enableColumn_enableColumnFalseValue_CheckComboBox,39
255,Radio - enableColumn & enableColumnFalseValue    특정 선택 항목들을 비활성화.    Radio    enableColumn_enableColumnFalseValue_Radio,37
256,SelectBox - enableColumn & enableColumnFalseValue    특정 선택 항목들을 비활성화.    SelectBox    enableColumn_enableColumnFalseValue_SelectBox,39
257,CheckBox - setEnableColumn()    특정 선택 항목들을 함수를 사용하여 동적으로 비활성화.    CheckBox    setEnableColumn_CheckBox,39
258,"Multi-language - useLocale & useDefaultLabel    localeRef 속성 값이 언어 파일에 지정되지 않은 경우, 컴포넌트의 label이나 value 값을 표시.     _Multi-language    useLocale_useDefaultLabel_Multi_language",61
259,CheckComboBox - setEnableColumn()    특정 선택 항목들을 함수를 사용하여 동적으로 비활성화.    CheckComboBox    setEnableColumn_CheckComboBox,41
260,Radio - setEnableColumn()    특정 선택 항목들을 함수를 사용하여 동적으로 비활성화.    Radio    setEnableColumn_Radio,39
261,SelectBox - setEnableColumn()    특정 선택 항목들을 함수를 사용하여 동적으로 비활성화.    SelectBox    setEnableColumn_SelectBox,41
262,gridView.column - blockSelect    GridView의 특정 칼럼에 속한 셀들의 선택을 차단.     GridView    blockSelect_gridView_column,41
263,GridView - setBlockSelect()    GridView의 특정 칼럼에 속한 셀들의 선택을 함수를 통해 동적으로 차단.     GridView    setBlockSelect_GridView,50
264,"gridView.column - inputType=""autoComplete""    GridView 특정 컬럼의 inputType을 ""autoComplete""로 설정.
    GridView    inputType_autoComplete_gridView_column",41
265,"gridView.column - inputType=""checkcombobox""    GridView 특정 컬럼의 inputType을 ""checkcombobox""로 설정.
    GridView    inputType_checkcombobox_gridView_column",44
266,Calendar - visibleWeekNum    달력에 표시할 주(Week)의 수를 설정.    Calendar    visibleWeekNum_Calendar,31
267,GridView - copyOption    복사하는 값을 설정 ? 바인딩된 DatatList 값 혹은 현재 화면에 표시된 값 중 어떤 값을 복사할지 결정.     GridView    copyOption_GridView,57
268,"gridView.column - useFilter    필터링 조건을 직접 설정. 
필터링 조건을 목록으로 표시. 
숫자 및 알파벳을 필터링할 경우 조건 비교.    GridView    useFilter_gridView_column",73
269,"Spinner - userAlert    dataType=“date”인 경우, 잘못된 날짜를 입력할 경우 경고창 출력.    Spinner    useAlert_Spinner",40
270,"Spinner - dateIncrementType & dataType=""time""    Spinner가 시간을 표시할 때 (dataType=""time"")  값 증가 단위 설정.    Spinner    dateIncrementType_dataType_time_Spinner",49
271,InputCalendar - pickerType    달력에서 연도 및 월을 선택하는 방식을 설정.    InputCalendar    pickerType_InputCalendar,32
272,"Spinner - dateIncrementType & dataType=""date""    Spinner가 날짜를 표시할 때 (dataType=""date"")  값 증가 단위 설정.    Spinner    dateIncrementType_dataType_date_Spinner",51
273,MultiUpload - maxcount    업로드할 수 있는 최대 파일 수를 지정.    MultiUpload    maxcount_MultiUpload,30
274,"Calendar - setHoliday()    특정 날짜를 휴일로 지정. 
    Calendar    setHoliday_Calendar",31
275,"Calendar - setHolidayRef()    DataList 컬럼에 지정된 날짜들을 휴일로 지정. 
    Calendar    setHolidayRef_Calendar",40
276,Calendar - removeHoliday()    setHoliday() 혹은 setHolidayRef() 함수를 사용한 휴일 지정을 취소.     Calendar    removeHoliday_Calendar,38
277,"GridView - noResultMessage & noResultMessageVisibleAlways    GridView와 바인딩된 DataList에 데이터가 없는 경우, 지정한 메시지를 표시.     GridView    noResultMessage_noResultMessageVisibleAlways_GridView",52
278,GridView - dataDragDropOther    다른 GridView로만 드래그-앤-드롭을 허용. (동일 GridView 내에서의 이동은 방지.)    GridView    dataDragDropOther_GridView,51
279,"TabControl - tabScroll & tabScrollAuto    탭이 여러 개인 경우 상단에 스크롤을 표시하고, 마지막 탭을 닫을 경우 앞쪽의 탭으로 마지막 탭의 위치 채우기.    TabControl    tabScroll_tabScrollAuto_TabControl",79
280,"gridView.column - autoFitFilterList    필터링 기능을 사용할 경우, 필터 상자의 너비를 텍스트 크기에 따라 자동 조절.     GridView    autoFitFilterList_gridView_column",55
281,"GridView - moveKeyEditMode & moveKeyEditModeAll    방향키로 셀 사이를 이동할 때, 셀로 이동하는 동시에 편집 모드로 진입.     GridView    moveKeyEditMode_moveKeyEditModeAll_GridView",64
282,"gridView.column - inputType=""expression"" & AVG    GridView에서 소수점 숫자에 대한 AVG 연산 수행. (JavaScript의 부동 소수점 오류 자동 보정.)     GridView    inputType_expression_AVG_gridView_column",59
283,AutoComplete - onchange    onchange 이벤트는 선택 항목을 변경할 때 발생.    AutoComplete    onchange_AutoComplete,30
284,"$p - getEventTarget()    이벤트가 발생한 컴포넌트의 정보를 반환. (pluginName, id, realId)    $p    getEventTarget_$p_WebSquare_util",50
285,MultiUpload - getFileInfos() & setParamJSON()    업로드하는 각 파일 별로 서로 다른 파라미터를 설정.    MultiUpload    getFileInfos_setParamJSON_MultiUpload,46
286,"gridView.column - inputType=""expression"" & SUM    GridView에서 소수점 숫자에 대한 SUM 연산 수행. (JavaScript의 부동 소수점 오류 자동 보정.)     GridView    inputType_expression_SUM_gridView_column",58
287,$p - openPopup() & options.closeAction    팝업창의 닫기 버튼을 클릭할 경우 호출할 사용자 정의 함수를 지정.    $p    openPopup_closeAction_$p,49
288,"gridView.column - inputType=""checkbox"" & partialCheckNextClick    일부 행들이 선택된 상태에서 헤더의 체크박스를 선택할 경우 전체 행의 선택 및 선택 해제 여부를 결정.     GridView    inputType_checkbox_partialCheckNextClick_gridView_column",72
289,"InputCalendar - pickerType & dynamicHeaderOrder    pickerType=""dynamic""인 경우 달력 헤더 부분의 연도 및 월 표시 순서 설정.    InputCalendar    pickerType_dynamicHeaderOrder_InputCalendar",53
290,InputCalendar - visibleWeekNum    달력에 표시할 주(Week)의 수를 설정.    InputCalendar    visibleWeekNum_InputCalendar,33
291,GridView - visibleRowNum & visibleRowNumFix    GridView에 표시하는 행의 개수(visibleRowNum)를 기반으로 GridView 높이를 설정.    GridView    visibleRowNum_visibleRowNumFix_GridView,51
292,LinkedDataList - setCondition() & Radio    Radio와 바인딩된 LinkedDataList의 필터링 혹은 정렬 조건을 설정.     DataCollection    setCondition_LinkedDataList_Radio,49
293,WindowContainer - onminimizebtnclick & onrestorebtnclick    윈도우 크기를 최소화하는 버튼 혹은 복원하는 버튼을 클릭할 때 발생.     WindowContainer    onminimizebtnclick_onrestorebtnclick_WindowContainer,65
294,Calendar - onmonthselect & onyearselect    달력에서 월 혹은 연도를 변경할 경우 발생.     Calendar    onmonthselect_onyearselect_Calendar,39
295,SelectBox - tooltipDisplay & itemTooltipDisplay    선택된 항목에 대한 툴팁을 표시. Vs. 선택 항목 목록 상에서 툴팁을 표시.     SelectBox    tooltipDisplay_itemToolTipDisplay_SelectBox,60
296,SelectBox - itemTooltipFormatter    툴팁을 직접 변환하여 선택 항목 목록 상에 표시.    SelectBox    itemTooltipFormatter_SelectBox,42
297,GridView - advancedExcelDownload() & options.trim    GridView를 Excel 파일로 다운로드 할 때 Excel 파일의 각 셀에 포함된 공백을 제거.     GridView    advancedExcelDownload_trim_GridView,50
298,"GridView - subtotalStyleFormatter & subtotalColumnId    subtotal 컬럼 별로 적용할 CSS 클래스를 판단. 즉, subtotal 컬럼에 따라 서로 다른 CSS를 적용.    GridView    subtotalStyleFormatter_subtotalColumnId_GridView",65
299,DataMap - onbeforemodelchange    데이터 값이 변경되기 직전에 발생.    DataCollection    onbeforemodelchange_DataMap,31
300,GridView - contextMenu & autoFit    GridView의 컨텍스트 메뉴를 이용하여 컬럼 폭을 조정.     GridView    contextMenu_autoFit_GridView,42
301,GridView - contextMenu    사용자가 GridView 위에서 마우스 우클릭할 경우 컨텍스트 메뉴를 표시.     GridView    contextMenu_GridView,43
302,GridView - contextMenuAltClick    Alt 키 + 마우스 좌클릭을 통해 GridView의 컨텍스트 메뉴를 표시.     GridView    contextMenuAltClick_GridView,49
303,TreeView - showCheckbox & setShowCheckBox()    TreeView의 각 노드에 체크박스를 표시.     TreeView    showCheckbox_setShowCheckBox_TreeView,41
304,"TreeView - showCheckbox & hierarchy    부모 노드의 체크박스를 선택하여 하위 노드 전체를 선택. 
    TreeView    showCheckbox_hierarchy_TreeView",45
305,GridView - autoFit    전체 컬럼 혹은 마지막 컬럼의 폭을 조절하여 GridView 전체 너비를 채움.    GridView    autoFit_GridView,50
306,"GridView - autoFit & autoFitMinWidth    GridView의 너비가 특정 값 이상인 경우, 컬럼 폭을 조절하여 GridView의 전체 너비를 채움.     GridView    autoFit_autoFitMinWidth_GridView",62
307,"GridView - setAutoFit() & clearAutoFit()    GridView의 autoFit 속성을 적용하거나 취소. 
    GridView    setAutoFit_clearAutoFit_GridView",42
308,Group - Styling    Group 컴포넌트 스타일링 팁.     Group    styling_Group,29
309,TableLayout - Introduction    TableLayout 소개.     TableLayout    introduction_TableLayout,18
310,"TableLayout - adaptive=""layout"" & adaptiveThreshold    적응형 웹 적용.     TableLayout    adaptive_adaptiveThreshold_TableLayout",33
311,TextBox - tagname    HTML 태그 사용.    TextBox    tagname_TextBox,18
312,$p - executeSubmission() & DataList & GridView    GridView와 바인딩된 DataList에 원격지의 데이터를 로딩.     $p    executeSubmission_$p_DataList_GridView,45
313,SelectBox - depthColumn    계층 구조의 데이터를 선택 항목으로 표시.     SelectBox    depthColumn_SelectBox,32
314,WebSquare.logger - enableContextMenu() & disableContextMenu()    디버깅 메뉴를 동적으로 허용하거나 차단.     WebSquare.logger    enableContextMenu_disableContextMenu_WebSquare_logger,51
315,Accordion - enterKeyPanelToggle    Enter 키를 이용하여 패널을 열고 닫기.    Accordion    enterKeyPanelToggle_Accordion,37
316,TextArea - showPlaceHolderOnReadOnly    읽기 전용 모드 혹은 비활성화 상태에서도 placeholder를 표시.     TextArea    showPlaceHolderOnReadOnly_TextArea,43
317,InputCalendar - disableDate()    공휴일을 포함한 지정한 날짜들을 비활성화.     InputCalendar    disableDate_InputCalendar,40
318,GridView - dataDragSelect & useShiftKey to copy    마우스 드래깅 혹은 Shift 키를 사용하여 여러 셀들을 선택한 후 다른 GridView로 복사하기.     GridView    dataDragSelect_useShiftKey_to_copy_GridView,61
319,GridView - onscrollstart & alwaysTriggerScrollStart    onscrollstart 이벤트는 세로 스크롤이 GridView 상단에 닿을 때 발생.     GridView    onscrollstart_alwaysTriggerScrollStart_GridView,54
320,"Spinner - autoFocus & nextTabID & dataType=""date"" & dateIncrementType    날짜를 입력할 경우, nextTabID 컴포넌트로 포커스를 이동.     Spinner    autoFocus_nextTabID_dataType_dateIncrementType_Spinner",62
321,"AutoComplete - autoFocus & nextTabID    선택 목록의 값과 일치하는 값이 입력될 경우, nextTabID 컴포넌트로 포커스를 이동.    AutoComplete    autoFocus_nextTabID_AutoComplete",58
322,Page - initScript    페이지 로딩 직후 실행되며 scwin.onpageload 이전에 실행.     Page    initScript_Page,33
323,Page - postScript    페이지 로딩 시 scwin.onpageload 스크립트가 실행된 후에 실행.     Page    postScript_Page,35
324,TabControl - onscrollleftbtnclick & onscrollrightbtnclick & onsubmenubtnclick    사용자가 스크롤 바의 버튼 중 하나를 클릭할 때 발생.     TabControl    onscrollleftbtnclick_onscrollrightbtnclick_onsubmenubtnclick_TabControl,75
325,GridView - advancedExcelUpload() & options.decimal & options.applyDecimal    Excel 파일의 소수점 데이터를 Excel 표시 형식(“일반” 혹은 “숫자”)에 상관 없이 반올림하여 GridView로 업로드.    GridView    advancedExcelUpload_decimal_applyDecimal_GridView,76
326,"Page - script execution sequence    WFrame이 중첩된 경우 onpageload, initScript, postScript 실행 순서.    Page    script_execution_sequence_Page",35
327,Page - onpageload    페이지 로딩 직후 발생하는 이벤트.  페이지 로딩 직후 실행할 함수를 정의. (scwin.onpageload)    Page    onpageload_Page,52
328,"gridView.column - inputType=""drilldown""    GridView 특정 컬럼의 inputType을 “drilldown”으로 설정.     gridView.column    inputType_drilldown_gridView_column",45
329,TextBox - tooltipDisplay & tooltipShowAlways    (데이터 길이가 짧아서 화면에 모두 표시되는 경우에도) 항상 툴팁을 표시.    TextBox    tooltipDisplay_tooltipShowAlways_TextBox,59
330,WFrame - onpageload execution sequence    WFrame이 중첩된 경우 scwin.onpageload 실행 순서.    WFrame    onpageload_execution_sequence_WFrame,38
331,"gridView.column = inputType=""checkbox"" & checkHeaderOnviewchange    헤더의 체크박스를 선택할 경우, 선택되거나 선택 해제되는 행의 개수만큼 onveiwchange 이벤트를 발생.     GridView    inputType_checkbox_checkHeaderOnviewchange_gridView_column",76
332,$p - getSubmission() & subObj.setRequestHeader()    각 Submission 별로 requestHeader를 설정.     $p    setRequestHeader_getSubmission_$p,33
333,"SelectBox - depthColumnHeight & depthColumnWidth    계층 구조의 선택 항목을 표시할 경우, 선택 목록의 높이 및 너비를 지정.    SelectBox    depthColumnHeight_depthColumnWidth_SelectBox",59
334,Accordion - getOpenPanelListInfo()    현재 열려 있는 모든 패널들의 속성을 반환.     Accordion    getOpenPanelListInfo_Accordion,42
335,Accordion - getOpenPanelInfo()    현재 열린 패널 중 첫 번째 혹은 지정한 인덱스에 해당하는 패널의 속성을 반환.    Accordion    getOpenPanelInfo_Accordion,58
336,SearchBox - setRef()    ref 속성(바인딩하는 DataMap의 key 혹은 DataList의 column)을 직접 설정.      SearchBox    setRef_SearchBox,45
337,LinkedDataList - setColumnFilter()    LinkedDataList의 데이터를 필터링.    DataCollection    setColumnFilter_LinkedDataList,31
338,IFrame - spa & spaReplaceHistory    IFrame 내부의 앞으로 가기 및 뒤로 가기 동작 금지.    IFrame    spa_spaReplaceHistory_IFrame,45
339,WindowContainer - frameMode & spaReplaceHistory    IFrame 윈도우 내부의 앞으로 가기 및 뒤로 가기 동작 금지.    WindowContainer    frameMode_spaReplaceHistory_WindowContainer,51
340,InputCalendar - dayMoveFixed    특정 일 선택 후 월이나 연도를 이동해도 현재 선택한 일을 유지.    InputCalendar    dayMoveFixed_InputCalendar,44
341,ScheduleCalendar - editable    마우스 드래그-앤-드롭을 통해 일정의 시작일 및 종료일을 변경.    ScheduleCalendar    editable_ScheduleCalendar,44
342,ScheduleCalendar - selectable    특정 날짜를 클릭하거나 여러 날짜를 드래깅하여 스케줄 정보를 입력.     ScheduleCalendar    selectable_ScheduleCalendar,52
343,WebSqsuare.util - multipleExcelDownload() & options.multipleSheet    여러 GridView를 하나의 Excel 시트로 다운로드.    WebSquare.util    multipleExcelDownload_multipleSheet_WebSquare_util,47
344,GridView - useHeaderContextMenu & contextMenu    헤더를 우클릭할 때 컨텍스트 메뉴를 표시.     GridView    useHeaderContextMenu_contextMenu_GridView,47
345,GridView - oncontextopen    그리드뷰의 컨텍스트 메뉴가 표시될 때 발생.    GridView    oncontextopen_GridView,40
346,Spinner - title    HTML <title> 태그 속성 값을 정의.    Spinner    title_Spinner,25
347,DataMap - onkeyset    set() 함수를 사용하여 특정 key에 값을 설정할 때 발생.    DataCollection    onkeyset_DataMap,35
348,"SelectBox - valueNotInList & emptyItem    setValue() 함수로 설정하는 값이 선택 항목 목록에 없는 경우, 처리 방법을 설정.    SelectBox    valueNotInList_emptyItem_SelectBox",50
349,"GridView - advancedExcelDownload() & options.xxxFontBold    header, body, subTotal, footer 텍스트에 font-weight: bold 스타일을 적용.     GridView    advancedExcelDownload_xxxFontBold",48
350,GridView - setCellClass()    특정 GridView 셀에 지정한 CSS 스타일을 적용.     GridView    setCellClass_GridView,38
351,GridView - advancedExcelDownload() & options.useStyle    setCellClass() 함수로 적용한 CSS 스타일을 다운로드한 Excel 파일에서도 유지.    GridView    advancedExcelDownload_useStyle_GridView,51
352,LinkedDataList - Create    WebSquare5 Studio 에서 LinkedDataList 생성하기.    DataCollection    create_LinkedDataList,27
353,LinkedDataList - Recommended Use    LinkedDataList의 권장 사용법.    DataCollection    recommended_use_LinkedDataList,29
354,"WindowContainer - changeActiveWindow    네임레이어의 스크롤 버튼을 클릭하여, 윈도우를 선택하고 활성화. 
    WindowContainer    changeActiveWindow_WindowContainer",52
355,MultiSelect - onrowclick    선택 목록의 항목을 선택할 때 발생.    MultiSelect    onrowclick_MultiSelect,32
356,"AutoComplete - showChooseOption() & changeChooseOption()    chooseOptionLabel 속성으로 정의한 값을 선택 목록에 표시하기, 숨기기, 변경하기.     AutoComplete    showChooseOption_changeChooseOption_AutoComplete",55
357,AutoComplete - displayModeSync    편집 모드에서도 displayMode 속성 설정값에 따라 value 및/혹은 label 값을 표시.    AutoComplete    displayModeSync_AutoComplete,50
358,ScheduleCalendar - addSchedule()    스케줄 추가.     ScheduleCalendar    addSchedule_ScheduleCalendar,25
359,"ScheduleCalendar - dataList & titleColumn & idColumn & startColumn & endColumn    DataList를 생성 후, 해당 DataList를 ScheduleCalendar와 바인딩하여 스케줄 데이터를 추가.    ScheduleCalendar    dataList_titleColumn_idColumn_startColumn_endColumn_ScheduleCalendar",62
360,GridView - noSelect    마우스 드래깅을 통한 셀 텍스트 선택 방지.    GridView    noSelect_GridView,34
361,ScheduleCalendar - onaddschedule & onmoveschedule    스케줄을 추가하거나 이동할 때 발생.    ScheduleCalendar    onaddschedule_onmoveschedule_ScheduleCalendar,43
362,"GridView - hideSortIconOnNoData    GridView에 데이터가 없을 경우, 헤더에 표시되는 정렬 버튼을 숨김.    GridView    hideSortIconOnNoData_GridView",50
363,"GridView - hideFilterIconOnNoData    GridView에 데이터가 없을 경우, 헤더에 표시되는 필터링 버튼을 숨김.    GridView    hideFilterIconOnNoData_GridView",51
364,"GridView - ctrlShiftKey    Ctrl 키와 Shift 키를 함께 사용할 때, 제일 마지막에 선택된 행을 기준으로 useShiftKey=""true"" 속성 설정을 적용.
    GridView    ctrlShiftKey_GridView",61
365,Trigger - tooltipShowPositionX & tooltipShowPositionY    툴팁 텍스트를 표시할 위치를 지정.     Trigger    tooltipShowPositionX_tooltipShowPositionY_Trigger,43
366,"GridView - ondateselect & onmonthselect & onyearselect    inputType=""calendar""일 때 달력에서 날짜, 연도, 월 선택 시 발생.     GridView    ondateselect_onmonthselect_onyearselect_GridView",54
367,InputCalendar - showToday    클릭할 경우 현재 날짜를 선택해주는 Today 버튼을 숨기거나 표시.     InputCalendar    showToday_InputCalendar,43
368,UDC - create (SP5)    사용자 정의 컴포넌트 (UDC) 생성. (SP5)    _UDC    create_UDC_SP5,41
369,$p - dynamicCreate() & UDC (SP5)    동적으로 사용자 정의 컴포넌트(UDC)를 생성.    $p    dynamicCreate_$p_UDC,46
370,Generator - insertChild() & UDC    Generator를 통해 사용자 정의 컴포넌트(UDC)를 생성.    Generator    insertChild_Generator_UDC,42
371,UDC - proprty (SP5)    UDC의 속성을 구현하고 실제 사용하기. (SP5)    _UDC    property_UDC_SP5,43
372,UDC - method (SP5)    UDC의 함수를 구현하고 실제 사용하기. (SP5)    _UDC    method_UDC_SP5,39
373,UDC - event (SP5)    UDC의 이벤트를 구현하고 실제 사용하기. (SP5)    _UDC    event_UDC_SP5,42
374,GridView - setVisibleRowNum()    화면에 표시할 행 수를 설정하는 visibleRowNum 속성 값을 동적으로 설정.    GridView    setVisibleRowNum_GridView,42
375,Upload - clickOpenFileDialog    파일 입력 부분을 클릭해서 파일 탐색기를 열기.     Upload    clickOpenFileDialog_Upload,33
376,Upload - openFileDialog()    파일 탐색기 열기.     Upload    openFileDialog_Upload,20
377,$p - dynamicCreate()    동적으로 웹스퀘어 컴포넌트를 생성.     $p    dynamicCreate_$p,36
378,GridView - advancedExcelUpload() & options.sheetName    Excel 파일의 특정 시트만 GridView로 업로드.     GridView    advancedExcelUpload_sheetName_GridView,38
379,"config.xml - console & errorConsole    정상 로그와 오류 로그를 모두 출력하거나, 오류 로그만 출력.     _config_xml    console_errorConsole_config_xml",43
380,config.xml - escape    HTML 특수문자를 출력하기 위한 escape 옵션 설정 및 기본 값 변경.     _config_xml    escape_config_xml,38
381,"GridView - advancedExcelDownload() & options.useStyle & options.headerFontBold    헤더를 굵게 표시하여 Excel 파일로 다운로드. 
    GridView    advancedExcelDownload_useStyle_headerFontBold_GridView",52
382,"Accordion - independentPanel    한 패널을 연 후에 다른 패널을 열 경우, 처음 연 패널(들)을 열린 채로 유지.    Accordion    independentPanel_Accordion",57
383,GridView - setCellDisabled()    필터에 의해 숨겨진 셀을 포함한 특정 셀을 비활성화.    GridView    setCellDisabled_GridView,47
384,GridView - setCellBackgroundColor()    필터에 의해 숨겨진 셀을 포함한 특정 셀의 배경색을 설정.    GridView    setCellBackgroundColor_GridView,47
385,GridView - setRowBackgroundColor()    필터에 의해 숨겨진 행을 포함한 특정 행의 배경색을 설정.    GridView    setRowBackgroundColor_GridView,45
386,"gridView.column - inputType=""checkbox""    행 선택용 inputType=""checkbox"" 컬럼을 추가한 후, 체크박스로 선택한 행을 삭제(delete/remove).     GridView    inputType_checkbox_gridView_column",53
387,InputBox - Masking    숫자 및 알파벳을 마스킹하는 방법 및 마스킹 방향 설정 방법 설명.    InputBox    masking_InputBox,49
388,"GridView - Load, Add, Remove, Delete, Initilize & View    데이터 로딩, 추가, 제거, 삭제, 초기화, 반환.    GridView    load_add_remove_delete_initilize_view_GridView",46
389,"gridView.column - inputType=""expression"" & footer    푸터 행을 추가한 후 합계, 최소값, 최대값, 평균 등의 값을 표시.     GridView    inputType_expression_footer_gridView_column",56
390,Pivot - allTotalName & grandTotalName    총 합계의 라벨 값을 지정 ? (1) 행의 합계 & (2) 열의 합계.     Pivot    allTotalName_grandTotalName_Pivot,61
391,Pivot - pivotExcelDownload()    Pivot을 Excel 파일로 다운로드.     Pivot    pivotExcelDownload_Pivot,26
392,Pivot - pivotExcelUpload()    Excel 파일을 Pivot으로 업로드.     Pivot    pivotExcelUpload_Pivot,26
393,GridView - advancedExcelDownload()    GridView를 Excel 파일로 다운로드.     GridView    advancedExcelDownload_GridView,25
394,GridView - subTotal    SuboTotal 행(들)을 GridView에 추가.     GridView    subTotal_GridView,25
395,GridView - footer    Footer 행을 GridView에 추가.     GridView    footer_GridView,18
396,GridView - getFooterData()    지정한 Footer 컬럼의 값을 반환.     GridView    getFooterData_GridView,27
397,GridView - setSubtotalVisible()    subtotal 행들을 표시하거나 숨기기.     GridView    setSubtotalVisible_GridView,33
398,"Pivot - showGrandTotal & grandTotalDisplayType    총 합계 표시 위치 설정 ? (1) 우측, (2) 하단, (3) 우측 & 하단.     Pivot    showGrandTotal_grandTotalDisplayType_Pivot",67
399,Generator - insertChild()    WebSquare5 컴포넌트(들)을 동적으로 생성.     Generator    insertChild_Generator,34
400,WindowContainer - setFocus()    인덱스나 ID로 윈도우를 지정하여 해당 윈도우에 포커스 주기.     WindowContainer    setFocus_WindowContainer,44
401,$p - getPopupWindow()    주어진 ID에 해당하는 팝업 윈도우를 오브젝트로 반환하고 해당 팝업에 접근.     $p    getPopupWindow_$p,53
402,$p - getPopupWindowList()    현재 열려 있는 팝업 윈도우 목록을 반환하고 각 팝업에 접근.     $p    getPopupWindowList_$p,52
403,Pivot - showGrandTotal    총 합계를 표시하거나 숨기기.     Pivot    showGrandTotal_Pivot,34
404,GridView - setDataType() & getDataType()    GridView 컬럼의 dataType 속성을 확인하거나 변경.     GridView    setDataType_getDataType_GridView,36
405,dataList.column - importFormatter    DataList 컬럼의 데이터를  함수를 통해 변경.     DataCollection    importFormatter_dataList_column,33
406,InputBox - maskFormat & applyFormat & displayFormat    입력하는 숫자의 마스킹 방향 설정.     InputBox    maskFormat_applyFormat_displayFormat_InputBox,39
407,"gridView.column - customFormatter    GridView 특정 컬럼의 데이터 표시 형식을 함수를 통해 설정. (단, 해당 컬럼의 inputType이 ""text"", ""link"", ""textImage"", ""textarea"", ""select"", ""expression"", 혹은 ""spinner""인 경우에만 유효.)    gridView.column    customFormatter_gridView_column",88
408,gridView.column - displayFormat    GridView 컬럼의 데이터 표시 형식 설정.     gridView.column    displayFormat_gridView_column,31
409,gridView.column - displayFormatter    GridView 컬럼의 데이터 표시 형식을 함수를 통해 설정.     gridView.column    displayFormatter_gridView_column,37
410,GridView - advancedExcelDownload & options.colMerge & options.colMergeValue    셀 병합을 유지한 상태로 GridView를 Excel 파일로 다운로드.     GridView    advancedExcelDownload_colMerge_colMergeValue_GridView,53
411,config.xml - warningSync    동기 모드의 서브미션 사용을 경고. (비동기 모드 권장.)     _config_xml    warningSync_config_xml,42
412,WebSquare.date - toLunar() & toSolar()    음력 날짜 ↔ 양력 날짜 변환.     WebSquare.date    toLunar_toSolar_WebSquare_date,45
413,"$p - getAllPopupList()    현재 열려 있는 모든 (wframe, iframe, browser) 팝업 윈도우 객체를 반환.     $p    getAllPopupList_$p",45
414,"$p - getAllPopupWindowList()    현재 열려 있는 모든 (wframe, iframe, browser) 팝업 윈도우 목록을 반환하고 각 팝업에 접근.     $p    getAllPopupWindowList_$p",62
415,"GridView - advancedExcelUpload() & options.wframe & options.features & options.className    Excel 업로드 창을 WFram으로 생성하고 업로드 창의 속성을 지정. (이름, 크기 및 위치 등.)    GridView    advancedExcelUpload_wframe_features_className_GridView",70
416,GridView - oncellclick (2)    사용자가 GridView의 셀을 클릭할 때 발생.     GridView    oncellclick_2_GridView,36
417,"GridView - readCSV() & options.wframe & options.features & options.className    CSV 업로드 창을 WFram으로 생성하고 업로드 창의 속성을 지정. (이름, 크기 및 위치 등.)    GridView    readCSV_wframe_features_className_GridView",68
418,CheckComboBox - showCheckedTop & checkboxClickSync    선택한 항목들을 목록 상단에 표시.    CheckComboBox    showCheckedTop_checkboxClickSync_CheckComboBox,41
419,"SelectBox - depthColumnShowPath & depthColumnPathDelimiter    계층 구조의 선택 항목을 표시할 경우, 선택된 항목의 부모 목록을 모두 표시.    SelectBox    depthColumnShowPath_depthColumnPathDelimiter_SelectBox",65
420,GridView - setSortable()    정렬 기능(sortlabe=“true”)을 동적으로 설정.     GridView    setSortable_GridView,32
421,GridView - cellStatusVisible & cellStatusIconPosition    셀 데이터의 변경 여부를 표시.    GridView    cellStatusVisible_cellStatusIconPosition_GridView,36
422,"GridView - groupby() & options.showOnlyLastDepth    그룹핑을 수행할 경우, 마지막 단계만 표시.    GridView    groupby_showOnlyLastDepth_GridView",48
423,ScheduleCalendar - timeFormat    각 스케줄 항목의 시간 표시 형식 지정.    ScheduleCalendar    timeFormat_ScheduleCalendar,39
424,"InputCalendar - setIoFormat()    (1) 날짜 입력 형식, (2) 입력란의 날짜 출력 형식, (3) 달력의 날짜 출력 형식을 지정.    InputCalendar    setIoFormat_InputCalendar",64
425,"GridView - setColumnIoFormat() & inputType=""calendar""    inputType=""calendar"" 컬럼의 날짜 입력 순서 및 셀과 달력에 표시되는 날짜 표시 형식 지정.    gridView.column    inputType_calendar_setColumnIoFormat_gridView_column",74
426,Debugging - Event debugging    현재 화면의 이벤트 로그 확인.    _Debugging    Event_Debugging,28
427,GridView - hammerEnabled & hammerPressTime    모바일에서의 Press 이벤트를 PC의 더블- 클릭 이벤트와 같이 처리.     GridView    hammerEnabled_hammerPressTime_GridView,52
428,"GridView - drilldownToggle    inputType=""drilldown"" 컬럼의 목록을 Enter 키를 통해 열고 닫기.     GridView    drilldownToggleGridView",43
429,"GridView - drilldownToggle & hammerEnabled    모바일 기기에서 inputType=""drilldow"" 컬럼의 목록을 셀 터치를 통해 열고 닫기.     GridView    drilldownToggle_hammerEnabled_GridView",62
430,GridView - checkEditOnPaste    여러 개의 GridView 셀에 데이터 붙여 넣기.    GridView    checkEditOnPaste_GridView,33
431,AutoComplete - setDisplayMode()    displayMode 속성값을 동적으로 변경.    AutoComplete    setDisplayMode_AutoComplete,31
432,AutoComplete - setDelimiter()    delimiter 속성값을 동적으로 변경.    AutoComplete    setDelimiter_AutoComplete,28
433,Page - onbeforepageunload    페이지가 닫히기 전에 해당 페이지의 body 부분에서 발생.    Page    onbeforepageunload_body_Page,36
434,$p - openPopup() & options.fixPosition    생성한 (iframe/wframe) 팝업이 이동할 수 없도록 팝업의 위치를 고정.    $p    openPopup_fixPosition_$p,50
435,"WFrame - onbeforewframeunload    페이지가 닫히기 전, 해당 페이지의 WFrame에서 발생.    WFrame    onbeforewframeunload_Wframe",39
436,SelectBox - setDisplayMode()    displayMode 속성값을 동적으로 변경.    SelectBox    setDisplayMode_SelectBox,30
437,SelectBox - setDelimiter()    delimiter 속성값을 동적으로 변경.    SelectBox    setDelimiter_SelectBox,27
438,CheckComboBox - setDisplayMode()    displayMode 속성값을 동적으로 변경.    CheckComboBox    setDisplayMode_CheckComboBox,30
439,CheckComboBox - setDelimiter()    GridView 컬럼의 delimiter 속성값을 동적으로 변경.    CheckComboBox    setDelimiter_CheckComboBox,33
440,GridView - setDisplayMode()    GridView 컬럼의 displayMode 속성값을 동적으로 변경.    GridView    setDisplayMode_GridView,34
441,GridView - setDelimiter()    선택 항목 목록에 value와 label을 함께 표시할 때 사용하는 구분자(delimiter 속성)를 동적으로 변경.    GridView    setDelimiter_GridView,52
442,TreeView - spanAll()    트리 전체를 접고 펼치기.    TreeView    spanAll_TreeView,30
443,TreeView - spanNode()    트리의 특정 노드를 접고 펼치기.    TreeView    spanNode_TreeView,37
444,DataList - ondataload    DataList의 데이터가 새로 설정되거나 추가될 때 발생.     DataCollection    ondataload_DataList,36
445,DataList - onbeforecelldatachange    DataList와 바인딩된 GridView의 셀 데이터가 변경되기 직전에 발생.     DataCollection    onbeforecelldatachange_DataList,45
446,DataList - getRowCount()    DataList와 바인딩된 GridView에 현재 표시된 행의 수를 반환.     DataCollection    getRowCount_DataList,38
447,DataList - getCellData()    지정한 셀의 데이터를 반환.     DataCollection    getCellData_DataList,28
448,GridView - Column mapping    GridView의 각 컬럼을 다른 컴포넌트와 맵핑.    GridView    column_mapping_GridView,37
449,"$p - data.create() & dataList.setData() & WebSquare.util.multipleDataListDownload()    DataList들을 동적로 생성하고 생성한 DataList들에 데이터를 설정한 후, 해당 DataList들의 데이터를 Excel 파일로 다운로드.     $p    data_create_$p_setData_DataList_mutipleDataListDownload_WebSquare_util",79
450,WindowContainer - processMsgFrame & config.xml - processMsgFrameURL    WFrame 윈도우 내부에 표시할 서브미션 상태 메시지 소스를 변경.     WindowContainer    processMsgFrameURL_config_processMsgFrame_WindowContainer,58
451,GridView - Event adding example & onsort    GridView에 onsort 이벤트를 추가하는 예제.    GridView    adding_event_example_onsort_GridView,34
452,GridView - oncelldblclick    셀 더블-클릭 시 발생하는 이벤트를 GridView에 추가.     GridView    oncelldblclick_GridView,44
453,TabControl - processMsgFrame    서브미션 상태메시지를 WFrame 탭 내부에만 표시.    TabControl    processMsgFrame_TabControl,38
454,TabControl - processMsgFrame & config.xml - processMsgFrameURL    WFrame 탭 내부에 표시할 서브미션 상태 메시지 소스를 변경.     TabControl    processMsgFrameURL_config_processMsgFrame_TabControl,55
455,"GridView - dataDragSelect & dataDragSelectAutoScroll (2)    드래깅으로 셀을 선택할 때 마우스가 GridView 밖을 벗어나면 자동으로 스크롤을 수행. (대각선 방향 이동도 지원.)
    GridView    dataDragSelect_dataDragSelectAutoScroll_2_GridView",86
456,"$p - openPopup()    (1) WFrame 혹은 (2) IFrame을 사용하거나, (3) 새로운 브라우저를 통해 팝업을 생성. 
    $p    openPopup_$p",60
457,WindowContainer - processMsgFrame    서브미션 상태 메시지를 WFrame 윈도우 내부에만 표시.    WindowContainer    processMsgFrame_WindowContainer,41
458,WFrame - processMsgFrame & config.xml - processMsgFrameURL    WFrame 내부에 표시할 서브미션 상태 메시지 소스를 변경.     WFrame    processMsgFrameURL_config_processMsgFrame_WFrame,54
459,WFrame - processMsgFrame    서브미션 상태메시지를 WFrame 내부에만 표시.    WFrame    processMsgFrame_Wframe,37
